"country_code","country_name","country_border_code","country_border_name"
"AD","Andorra","FR","France"
"AD","Andorra","ES","Spain"
"AE","United Arab Emirates","OM","Oman"
"AE","United Arab Emirates","SA","Saudi Arabia"
"AF","Afghanistan","CN","People's Republic of China"
"AF","Afghanistan","IR","Iran"
"AF","Afghanistan","PK","Pakistan"
"AF","Afghanistan","TJ","Tajikistan"
"AF","Afghanistan","TM","Turkmenistan"
"AF","Afghanistan","UZ","Uzbekistan"
"AG","Antigua and Barbuda","",""
"AI","Anguilla","",""
"AL","Albania","GR","Greece"
"AL","Albania","ME","Montenegro"
"AL","Albania","MK","North Macedonia"
"AL","Albania","RS","Serbia"
"AL","Albania","XK","Kosovo"
"AM","Armenia","AZ","Azerbaijan"
"AM","Armenia","GE","Georgia"
"AM","Armenia","IR","Iran"
"AM","Armenia","TR","Turkey"
"AO","Angola","CD","Republic of the Congo"
"AO","Angola","NA","Namibia"
"AO","Angola","ZM","Zambia"
"AQ","Antarctica","",""
"AR","Argentina","BO","Bolivia"
"AR","Argentina","BR","Brazil"
"AR","Argentina","CL","Chile"
"AR","Argentina","PY","Paraguay"
"AR","Argentina","UY","Uruguay"
"AS","American Samoa","",""
"AT","Austria","CZ","Czech Republic"
"AT","Austria","DE","Germany"
"AT","Austria","HU","Hungary"
"AT","Austria","IT","Italy"
"AT","Austria","LI","Liechtenstein"
"AT","Austria","SK","Slovakia"
"AT","Austria","SI","Slovenia"
"AT","Austria","CH","Switzerland"
"AU","Australia","",""
"AW","Aruba","",""
"AX","Aland Islands","",""
"AZ","Azerbaijan","AM","Armenia"
"AZ","Azerbaijan","GE","Georgia"
"AZ","Azerbaijan","IR","Iran"
"AZ","Azerbaijan","RU","Russia"
"BA","Bosnia and Herzegovina","HR","Croatia"
"BA","Bosnia and Herzegovina","ME","Montenegro"
"BA","Bosnia and Herzegovina","RS","Serbia"
"BB","Barbados","",""
"BD","Bangladesh","IN","India"
"BD","Bangladesh","MM","Myanmar"
"BE","Belgium","FR","France"
"BE","Belgium","DE","Germany"
"BE","Belgium","LU","Luxembourg"
"BE","Belgium","NL","Netherlands"
"BF","Burkina Faso","BJ","Benin"
"BF","Burkina Faso","CI","Ivory Coast"
"BF","Burkina Faso","GH","Ghana"
"BF","Burkina Faso","ML","Mali"
"BF","Burkina Faso","NE","Niger"
"BF","Burkina Faso","TG","Togo"
"BG","Bulgaria","GR","Greece"
"BG","Bulgaria","MK","North Macedonia"
"BG","Bulgaria","RO","Romania"
"BG","Bulgaria","RS","Serbia"
"BG","Bulgaria","TR","Turkey"
"BH","Bahrain","",""
"BI","Burundi","CD","Democratic Republic of the Congo"
"BI","Burundi","RW","Rwanda"
"BI","Burundi","TZ","Tanzania"
"BJ","Benin","BF","Burkina Faso"
"BJ","Benin","NE","Niger"
"BJ","Benin","NG","Nigeria"
"BJ","Benin","TG","Togo"
"BL","Saint Barthelemy","",""
"BM","Bermuda","",""
"BN","Brunei Darussalam","MY","Malaysia"
"BO","Bolivia","AR","Argentina"
"BO","Bolivia","BR","Brazil"
"BO","Bolivia","CL","Chile"
"BO","Bolivia","PY","Paraguay"
"BO","Bolivia","PE","Peru"
"BQ","Bonaire, Sint Eustatius and Saba","",""
"BR","Brazil","AR","Argentina"
"BR","Brazil","BO","Bolivia"
"BR","Brazil","CO","Colombia"
"BR","Brazil","GF","French Guiana"
"BR","Brazil","GY","Guyana"
"BR","Brazil","PY","Paraguay"
"BR","Brazil","PE","Peru"
"BR","Brazil","SR","Suriname"
"BR","Brazil","UY","Uruguay"
"BR","Brazil","VE","Venezuela"
"BS","Bahamas","",""
"BT","Bhutan","CN","People's Republic of China"
"BT","Bhutan","IN","India"
"BV","Bouvet Island","",""
"BW","Botswana","NA","Namibia"
"BW","Botswana","ZA","South Africa"
"BW","Botswana","ZM","Zambia"
"BW","Botswana","ZW","Zimbabwe"
"BY","Belarus","LV","Latvia"
"BY","Belarus","LT","Lithuania"
"BY","Belarus","PL","Poland"
"BY","Belarus","RU","Russia"
"BY","Belarus","UA","Ukraine"
"BZ","Belize","GT","Guatemala"
"BZ","Belize","MX","Mexico"
"CA","Canada","US","United States of America"
"CA","Canada","GL","Greenland"
"CC","Cocos (Keeling) Islands","",""
"CD","Democratic Republic of the Congo","AO","Angola"
"CD","Democratic Republic of the Congo","BI","Burundi"
"CD","Democratic Republic of the Congo","CF","Central African Republic"
"CD","Democratic Republic of the Congo","CG","Republic of the Congo"
"CD","Democratic Republic of the Congo","RW","Rwanda"
"CD","Democratic Republic of the Congo","SS","South Sudan"
"CD","Democratic Republic of the Congo","TZ","Tanzania"
"CD","Democratic Republic of the Congo","UG","Uganda"
"CD","Democratic Republic of the Congo","ZM","Zambia"
"CF","Central African Republic","CM","Cameroon"
"CF","Central African Republic","TD","Chad"
"CF","Central African Republic","CG","Republic of the Congo"
"CF","Central African Republic","CD","Democratic Republic of the Congo"
"CF","Central African Republic","SS","South Sudan"
"CF","Central African Republic","SD","Sudan"
"CG","Republic of the Congo","CM","Cameroon"
"CG","Republic of the Congo","CF","Central African Republic"
"CG","Republic of the Congo","CD","Democratic Republic of the Congo"
"CG","Republic of the Congo","GA","Gabon"
"CH","Switzerland","AT","Austria"
"CH","Switzerland","FR","France"
"CH","Switzerland","DE","Germany"
"CH","Switzerland","IT","Italy"
"CH","Switzerland","LI","Liechtenstein"
"CI","Ivory Coast","BF","Burkina Faso"
"CI","Ivory Coast","GH","Ghana"
"CI","Ivory Coast","GN","Guinea"
"CI","Ivory Coast","LR","Liberia"
"CI","Ivory Coast","ML","Mali"
"CK","Cook Islands","",""
"CL","Chile","AR","Argentina"
"CL","Chile","BO","Bolivia"
"CL","Chile","PE","Peru"
"CM","Cameroon","CF","Central African Republic"
"CM","Cameroon","TD","Chad"
"CM","Cameroon","CG","Republic of the Congo"
"CM","Cameroon","GQ","Equatorial Guinea"
"CM","Cameroon","GA","Gabon"
"CM","Cameroon","NG","Nigeria"
"CN","People's Republic of China","AF","Afghanistan"
"CN","People's Republic of China","BT","Bhutan"
"CN","People's Republic of China","HK","Hong Kong"
"CN","People's Republic of China","IN","India"
"CN","People's Republic of China","KZ","Kazakhstan"
"CN","People's Republic of China","KP","North Korea"
"CN","People's Republic of China","KG","Kyrgyzstan"
"CN","People's Republic of China","LA","Laos"
"CN","People's Republic of China","MO","macau"
"CN","People's Republic of China","MN","Mongolia"
"CN","People's Republic of China","MM","Myanmar"
"CN","People's Republic of China","NP","Nepal"
"CN","People's Republic of China","PK","Pakistan"
"CN","People's Republic of China","RU","Russia"
"CN","People's Republic of China","TJ","Tajikistan"
"CN","People's Republic of China","VN","Vietnam"
"CO","Colombia","BR","Brazil"
"CO","Colombia","EC","Ecuador"
"CO","Colombia","PA","Panama"
"CO","Colombia","PE","Peru"
"CO","Colombia","VE","Venezuela"
"CR","Costa Rica","NI","Nicaragua"
"CR","Costa Rica","PA","Panama"
"CU","Cuba","",""
"CV","Cabo Verde","",""
"CW","Curacao","",""
"CX","Christmas Island","",""
"CY","Cyprus","",""
"CZ","Czech Republic","AT","Austria"
"CZ","Czech Republic","DE","Germany"
"CZ","Czech Republic","PL","Poland"
"CZ","Czech Republic","SK","Slovakia"
"DE","Germany","AT","Austria"
"DE","Germany","BE","Belgium"
"DE","Germany","CZ","Czech Republic"
"DE","Germany","DK","Denmark"
"DE","Germany","FR","France"
"DE","Germany","LU","Luxembourg"
"DE","Germany","NL","Netherlands"
"DE","Germany","PL","Poland"
"DE","Germany","CH","Switzerland"
"DJ","Djibouti","ER","Eritrea"
"DJ","Djibouti","ET","Ethiopia"
"DJ","Djibouti","SO","Somalia"
"DK","Denmark","DE","Germany"
"DK","Denmark","SE","Sweden"
"DM","Dominica","",""
"DO","Dominican Republic","HT","Haiti"
"DZ","Algeria","LY","Libya"
"DZ","Algeria","ML","Mali"
"DZ","Algeria","MR","Mauritania"
"DZ","Algeria","MA","Morocco"
"DZ","Algeria","NE","Niger"
"DZ","Algeria","TN","Tunisia"
"DZ","Algeria","EH","Western Sahara"
"EC","Ecuador","CO","Colombia"
"EC","Ecuador","PE","Peru"
"EE","Estonia","LV","Latvia"
"EE","Estonia","RU","Russia"
"EG","Egypt","IL","Israel"
"EG","Egypt","LY","Libya"
"EG","Egypt","PS","Palestine, State of"
"EG","Egypt","SD","Sudan"
"EH","Western Sahara","DZ","Algeria"
"EH","Western Sahara","MR","Mauritania"
"EH","Western Sahara","MA","Morocco"
"ER","Eritrea","DJ","Djibouti"
"ER","Eritrea","ET","Ethiopia"
"ER","Eritrea","SD","Sudan"
"ES","Spain","AD","Andorra"
"ES","Spain","FR","France"
"ES","Spain","GI","Gibraltar"
"ES","Spain","MA","Morocco"
"ES","Spain","PT","Portugal"
"ET","Ethiopia","DJ","Djibouti"
"ET","Ethiopia","ER","Eritrea"
"ET","Ethiopia","KE","Kenya"
"ET","Ethiopia","SO","Somalia"
"ET","Ethiopia","SS","South Sudan"
"ET","Ethiopia","SD","Sudan"
"FI","Finland","NO","Norway"
"FI","Finland","RU","Russia"
"FI","Finland","SE","Sweden"
"FJ","Fiji","",""
"FK","Falkland Islands","",""
"FM","Federated States of Micronesia","",""
"FO","Faroe Islands","",""
"FR","France","AD","Andorra"
"FR","France","BE","Belgium"
"FR","France","DE","Germany"
"FR","France","IT","Italy"
"FR","France","LU","Luxembourg"
"FR","France","MC","Monaco"
"FR","France","ES","Spain"
"FR","France","CH","Switzerland"
"FR","France","GB","United Kingdom"
"GA","Gabon","CM","Cameroon"
"GA","Gabon","CG","Republic of the Congo"
"GA","Gabon","GQ","Equatorial Guinea"
"GB","United Kingdom","IE","Ireland"
"GB","United Kingdom","FR","France"
"GD","Grenada","",""
"GE","Georgia","AM","Armenia"
"GE","Georgia","AZ","Azerbaijan"
"GE","Georgia","RU","Russia"
"GE","Georgia","TR","Turkey"
"GF","French Guiana","BR","Brazil"
"GF","French Guiana","SR","Suriname"
"GG","Guernsey","",""
"GH","Ghana","BF","Burkina Faso"
"GH","Ghana","CI","Ivory Coast"
"GH","Ghana","TG","Togo"
"GI","Gibraltar","ES","Spain"
"GL","Greenland","CA","Canada"
"GM","The Gambia","SN","Senegal"
"GN","Guinea","CI","Ivory Coast"
"GN","Guinea","GW","Guinea-Bissau"
"GN","Guinea","LR","Liberia"
"GN","Guinea","ML","Mali"
"GN","Guinea","SN","Senegal"
"GN","Guinea","SL","Sierra Leone"
"GP","Guadeloupe","",""
"GQ","Equatorial Guinea","CM","Cameroon"
"GQ","Equatorial Guinea","GA","Gabon"
"GR","Greece","AL","Albania"
"GR","Greece","BG","Bulgaria"
"GR","Greece","MK","North Macedonia"
"GR","Greece","TR","Turkey"
"GS","South Georgia and the South Sandwich Islands","",""
"GT","Guatemala","BZ","Belize"
"GT","Guatemala","SV","El Salvador"
"GT","Guatemala","HN","Honduras"
"GT","Guatemala","MX","Mexico"
"GU","Guam","",""
"GW","Guinea-Bissau","GN","Guinea"
"GW","Guinea-Bissau","SN","Senegal"
"GY","Guyana","BR","Brazil"
"GY","Guyana","SR","Suriname"
"GY","Guyana","VE","Venezuela"
"HK","Hong Kong","CN","People's Republic of China"
"HM","Heard Island and McDonald Islands","",""
"HN","Honduras","SV","El Salvador"
"HN","Honduras","GT","Guatemala"
"HN","Honduras","NI","Nicaragua"
"HR","Croatia","BA","Bosnia and Herzegovina"
"HR","Croatia","HU","Hungary"
"HR","Croatia","ME","Montenegro"
"HR","Croatia","RS","Serbia"
"HR","Croatia","SI","Slovenia"
"HT","Haiti","DO","Dominican Republic"
"HU","Hungary","AT","Austria"
"HU","Hungary","HR","Croatia"
"HU","Hungary","RO","Romania"
"HU","Hungary","RS","Serbia"
"HU","Hungary","SK","Slovakia"
"HU","Hungary","SI","Slovenia"
"HU","Hungary","UA","Ukraine"
"ID","Indonesia","MY","Malaysia"
"ID","Indonesia","PG","Papua New Guinea"
"ID","Indonesia","TL","East Timor"
"IE","Ireland","GB","United Kingdom"
"IL","Israel","EG","Egypt"
"IL","Israel","JO","Jordan"
"IL","Israel","LB","Lebanon"
"IL","Israel","PS","Palestine, State of"
"IL","Israel","SY","Syria"
"IM","Isle of Man","",""
"IN","India","BD","Bangladesh"
"IN","India","BT","Bhutan"
"IN","India","CN","People's Republic of China"
"IN","India","MM","Myanmar"
"IN","India","NP","Nepal"
"IN","India","PK","Pakistan"
"IO","British Indian Ocean Territory","",""
"IQ","Iraq","IR","Iran"
"IQ","Iraq","JO","Jordan"
"IQ","Iraq","KW","Kuwait"
"IQ","Iraq","SA","Saudi Arabia"
"IQ","Iraq","SY","Syria"
"IQ","Iraq","TR","Turkey"
"IR","Iran","AF","Afghanistan"
"IR","Iran","AM","Armenia"
"IR","Iran","AZ","Azerbaijan"
"IR","Iran","IQ","Iraq"
"IR","Iran","PK","Pakistan"
"IR","Iran","TR","Turkey"
"IR","Iran","TM","Turkmenistan"
"IS","Iceland","",""
"IT","Italy","AT","Austria"
"IT","Italy","FR","France"
"IT","Italy","SM","San Marino"
"IT","Italy","SI","Slovenia"
"IT","Italy","CH","Switzerland"
"IT","Italy","VA","Holy See"
"JE","Jersey","",""
"JM","Jamaica","",""
"JO","Jordan","IQ","Iraq"
"JO","Jordan","IL","Israel"
"JO","Jordan","PS","Palestine, State of"
"JO","Jordan","SA","Saudi Arabia"
"JO","Jordan","SY","Syria"
"JP","Japan","",""
"KE","Kenya","ET","Ethiopia"
"KE","Kenya","SO","Somalia"
"KE","Kenya","SS","South Sudan"
"KE","Kenya","TZ","Tanzania"
"KE","Kenya","UG","Uganda"
"KG","Kyrgyzstan","CN","People's Republic of China"
"KG","Kyrgyzstan","KZ","Kazakhstan"
"KG","Kyrgyzstan","TJ","Tajikistan"
"KG","Kyrgyzstan","UZ","Uzbekistan"
"KH","Cambodia","LA","Laos"
"KH","Cambodia","TH","Thailand"
"KH","Cambodia","VN","Vietnam"
"KI","Kiribati","",""
"KM","Comoros","",""
"KN","Saint Kitts and Nevis","",""
"KP","North Korea","CN","People's Republic of China"
"KP","North Korea","KR","South Korea"
"KP","North Korea","RU","Russia"
"KR","South Korea","KP","North Korea"
"KW","Kuwait","IQ","Iraq"
"KW","Kuwait","SA","Saudi Arabia"
"KY","Cayman Islands","",""
"KZ","Kazakhstan","CN","People's Republic of China"
"KZ","Kazakhstan","KG","Kyrgyzstan"
"KZ","Kazakhstan","RU","Russia"
"KZ","Kazakhstan","TM","Turkmenistan"
"KZ","Kazakhstan","UZ","Uzbekistan"
"LA","Laos","CN","People's Republic of China"
"LA","Laos","KH","Cambodia"
"LA","Laos","MM","Myanmar"
"LA","Laos","TH","Thailand"
"LA","Laos","VN","Vietnam"
"LB","Lebanon","IL","Israel"
"LB","Lebanon","SY","Syria"
"LC","Saint Lucia","",""
"LI","Liechtenstein","AT","Austria"
"LI","Liechtenstein","CH","Switzerland"
"LK","Sri Lanka","",""
"LR","Liberia","CI","Ivory Coast"
"LR","Liberia","GN","Guinea"
"LR","Liberia","SL","Sierra Leone"
"LS","Lesotho","ZA","South Africa"
"LT","Lithuania","BY","Belarus"
"LT","Lithuania","LV","Latvia"
"LT","Lithuania","PL","Poland"
"LU","Luxembourg","BE","Belgium"
"LU","Luxembourg","DE","Germany"
"LU","Luxembourg","FR","France"
"LV","Latvia","BY","Belarus"
"LV","Latvia","EE","Estonia"
"LV","Latvia","LT","Lithuania"
"LV","Latvia","RU","Russia"
"LY","Libya","DZ","Algeria"
"LY","Libya","TD","Chad"
"LY","Libya","EG","Egypt"
"LY","Libya","NE","Niger"
"LY","Libya","SD","Sudan"
"LY","Libya","TN","Tunisia"
"MA","Morocco","DZ","Algeria"
"MA","Morocco","ES","Spain"
"MA","Morocco","EH","Western Sahara"
"MC","Monaco","FR","France"
"MD","Moldova","RO","Romania"
"MD","Moldova","UA","Ukraine"
"ME","Montenegro","AL","Albania"
"ME","Montenegro","BA","Bosnia and Herzegovina"
"ME","Montenegro","HR","Croatia"
"ME","Montenegro","RS","Serbia"
"ME","Montenegro","XK","Kosovo"
"MF","Saint Martin","SX","Sint Maarten"
"MG","Madagascar","",""
"MH","Marshall Islands","",""
"MK","North Macedonia","AL","Albania"
"MK","North Macedonia","BG","Bulgaria"
"MK","North Macedonia","GR","Greece"
"MK","North Macedonia","RS","Serbia"
"MK","North Macedonia","XK", "Kosovo"
"ML","Mali","DZ","Algeria"
"ML","Mali","BF","Burkina Faso"
"ML","Mali","CI","Ivory Coast"
"ML","Mali","GN","Guinea"
"ML","Mali","MR","Mauritania"
"ML","Mali","NE","Niger"
"ML","Mali","SN","Senegal"
"MM","Myanmar","BD","Bangladesh"
"MM","Myanmar","CN","People's Republic of China"
"MM","Myanmar","IN","India"
"MM","Myanmar","LA","Laos"
"MM","Myanmar","TH","Thailand"
"MN","Mongolia","CN","People's Republic of China"
"MN","Mongolia","RU","Russia"
"MO","macau","CN","People's Republic of China"
"MP","Northern Mariana Islands","",""
"MQ","Martinique","",""
"MR","Mauritania","DZ","Algeria"
"MR","Mauritania","ML","Mali"
"MR","Mauritania","SN","Senegal"
"MR","Mauritania","EH","Western Sahara"
"MS","Montserrat","",""
"MT","Malta","",""
"MU","Mauritius","",""
"MV","Maldives","",""
"MW","Malawi","MZ","Mozambique"
"MW","Malawi","TZ","Tanzania"
"MW","Malawi","ZM","Zambia"
"MX","Mexico","BZ","Belize"
"MX","Mexico","GT","Guatemala"
"MX","Mexico","US","United States of America"
"MY","Malaysia","BN","Brunei Darussalam"
"MY","Malaysia","ID","Indonesia"
"MY","Malaysia","TH","Thailand"
"MZ","Mozambique","MW","Malawi"
"MZ","Mozambique","SZ","Eswatini"
"MZ","Mozambique","ZA","South Africa"
"MZ","Mozambique","TZ","Tanzania"
"MZ","Mozambique","ZM","Zambia"
"MZ","Mozambique","ZW","Zimbabwe"
"NA","Namibia","AO","Angola"
"NA","Namibia","BW","Botswana"
"NA","Namibia","ZA","South Africa"
"NA","Namibia","ZM","Zambia"
"NC","New Caledonia","",""
"NE","Niger","DZ","Algeria"
"NE","Niger","BJ","Benin"
"NE","Niger","BF","Burkina Faso"
"NE","Niger","TD","Chad"
"NE","Niger","LY","Libya"
"NE","Niger","ML","Mali"
"NE","Niger","NG","Nigeria"
"NF","Norfolk Island","",""
"NG","Nigeria","BJ","Benin"
"NG","Nigeria","CM","Cameroon"
"NG","Nigeria","TD","Chad"
"NG","Nigeria","NE","Niger"
"NI","Nicaragua","CR","Costa Rica"
"NI","Nicaragua","HN","Honduras"
"NL","Netherlands","BE","Belgium"
"NL","Netherlands","DE","Germany"
"NO","Norway","FI","Finland"
"NO","Norway","RU","Russia"
"NO","Norway","SE","Sweden"
"NP","Nepal","CN","People's Republic of China"
"NP","Nepal","IN","India"
"NR","Nauru","",""
"NU","Niue","",""
"NZ","New Zealand","",""
"OM","Oman","AE","United Arab Emirates"
"OM","Oman","SA","Saudi Arabia"
"OM","Oman","YE","Yemen"
"PA","Panama","CO","Colombia"
"PA","Panama","CR","Costa Rica"
"PE","Peru","BO","Bolivia"
"PE","Peru","BR","Brazil"
"PE","Peru","CL","Chile"
"PE","Peru","CO","Colombia"
"PE","Peru","EC","Ecuador"
"PF","French Polynesia","",""
"PG","Papua New Guinea","ID","Indonesia"
"PH","Philippines","",""
"PK","Pakistan","AF","Afghanistan"
"PK","Pakistan","CN","People's Republic of China"
"PK","Pakistan","IN","India"
"PK","Pakistan","IR","Iran"
"PL","Poland","BY","Belarus"
"PL","Poland","CZ","Czech Republic"
"PL","Poland","DE","Germany"
"PL","Poland","LT","Lithuania"
"PL","Poland","SK","Slovakia"
"PL","Poland","UA","Ukraine"
"PM","Saint Pierre and Miquelon","",""
"PN","Pitcairn","",""
"PR","Puerto Rico","",""
"PS","Palestine, State of","EG","Egypt"
"PS","Palestine, State of","IL","Israel"
"PS","Palestine, State of","JO","Jordan"
"PT","Portugal","ES","Spain"
"PW","Palau","",""
"PY","Paraguay","AR","Argentina"
"PY","Paraguay","BO","Bolivia"
"PY","Paraguay","BR","Brazil"
"QA","Qatar","SA","Saudi Arabia"
"RE","Reunion","",""
"RO","Romania","BG","Bulgaria"
"RO","Romania","HU","Hungary"
"RO","Romania","MD","Moldova"
"RO","Romania","RS","Serbia"
"RO","Romania","UA","Ukraine"
"RS","Serbia","BA","Bosnia and Herzegovina"
"RS","Serbia","BG","Bulgaria"
"RS","Serbia","HR","Croatia"
"RS","Serbia","HU","Hungary"
"RS","Serbia","ME","Montenegro"
"RS","Serbia","MK","North Macedonia"
"RS","Serbia","RO","Romania"
"RS","Serbia","XK","Kosovo"
"RU","Russia","AZ","Azerbaijan"
"RU","Russia","BY","Belarus"
"RU","Russia","CN","People's Republic of China"
"RU","Russia","EE","Estonia"
"RU","Russia","FI","Finland"
"RU","Russia","GE","Georgia"
"RU","Russia","KZ","Kazakhstan"
"RU","Russia","KP","North Korea"
"RU","Russia","LV","Latvia"
"RU","Russia","MN","Mongolia"
"RU","Russia","NO","Norway"
"RU","Russia","UA","Ukraine"
"RW","Rwanda","BI","Burundi"
"RW","Rwanda","CD","Democratic Republic of the Congo"
"RW","Rwanda","TZ","Tanzania"
"RW","Rwanda","UG","Uganda"
"SA","Saudi Arabia","IQ","Iraq"
"SA","Saudi Arabia","JO","Jordan"
"SA","Saudi Arabia","KW","Kuwait"
"SA","Saudi Arabia","OM","Oman"
"SA","Saudi Arabia","QA","Qatar"
"SA","Saudi Arabia","AE","United Arab Emirates"
"SA","Saudi Arabia","YE","Yemen"
"SB","Solomon Islands","",""
"SC","Seychelles","",""
"SD","Sudan","CF","Central African Republic"
"SD","Sudan","TD","Chad"
"SD","Sudan","EG","Egypt"
"SD","Sudan","ET","Ethiopia"
"SD","Sudan","ER","Eritrea"
"SD","Sudan","LY","Libya"
"SD","Sudan","SS","South Sudan"
"SE","Sweden","DK","Denmark"
"SE","Sweden","FI","Finland"
"SE","Sweden","NO","Norway"
"SG","Singapore","",""
"SH","Saint Helena, Ascension and Tristan da Cunha","",""
"SI","Slovenia","AT","Austria"
"SI","Slovenia","HR","Croatia"
"SI","Slovenia","HU","Hungary"
"SI","Slovenia","IT","Italy"
"SJ","Svalbard and Jan Mayen","",""
"SK","Slovakia","AT","Austria"
"SK","Slovakia","CZ","Czech Republic"
"SK","Slovakia","HU","Hungary"
"SK","Slovakia","PL","Poland"
"SK","Slovakia","UA","Ukraine"
"SL","Sierra Leone","GN","Guinea"
"SL","Sierra Leone","LR","Liberia"
"SM","San Marino","IT","Italy"
"SN","Senegal","GM","The Gambia"
"SN","Senegal","GN","Guinea"
"SN","Senegal","GW","Guinea-Bissau"
"SN","Senegal","ML","Mali"
"SN","Senegal","MR","Mauritania"
"SO","Somalia","DJ","Djibouti"
"SO","Somalia","ET","Ethiopia"
"SO","Somalia","KE","Kenya"
"SR","Suriname","BR","Brazil"
"SR","Suriname","GF","French Guiana"
"SR","Suriname","GY","Guyana"
"SS","South Sudan","CF","Central African Republic"
"SS","South Sudan","CD","Democratic Republic of the Congo"
"SS","South Sudan","ET","Ethiopia"
"SS","South Sudan","KE","Kenya"
"SS","South Sudan","SD","Sudan"
"SS","South Sudan","UG","Uganda"
"ST","Sao Tome and Principe","",""
"SV","El Salvador","GT","Guatemala"
"SV","El Salvador","HN","Honduras"
"SX","Sint Maarten","MF","Saint Martin"
"SY","Syria","IQ","Iraq"
"SY","Syria","IL","Israel"
"SY","Syria","JO","Jordan"
"SY","Syria","LB","Lebanon"
"SY","Syria","TR","Turkey"
"SZ","Eswatini","MZ","Mozambique"
"SZ","Eswatini","ZA","South Africa"
"TC","Turks and Caicos Islands","",""
"TD","Chad","CM","Cameroon"
"TD","Chad","CF","Central African Republic"
"TD","Chad","LY","Libya"
"TD","Chad","NE","Niger"
"TD","Chad","NG","Nigeria"
"TD","Chad","SD","Sudan"
"TF","French Southern Territories","",""
"TG","Togo","BJ","Benin"
"TG","Togo","BF","Burkina Faso"
"TG","Togo","GH","Ghana"
"TH","Thailand","KH","Cambodia"
"TH","Thailand","LA","Laos"
"TH","Thailand","MY","Malaysia"
"TH","Thailand","MM","Myanmar"
"TJ","Tajikistan","AF","Afghanistan"
"TJ","Tajikistan","CN","People's Republic of China"
"TJ","Tajikistan","KG","Kyrgyzstan"
"TJ","Tajikistan","UZ","Uzbekistan"
"TK","Tokelau","",""
"TL","East Timor","ID","Indonesia"
"TM","Turkmenistan","AF","Afghanistan"
"TM","Turkmenistan","IR","Iran"
"TM","Turkmenistan","KZ","Kazakhstan"
"TM","Turkmenistan","UZ","Uzbekistan"
"TN","Tunisia","DZ","Algeria"
"TN","Tunisia","LY","Libya"
"TO","Tonga","",""
"TR","Turkey","AM","Armenia"
"TR","Turkey","BG","Bulgaria"
"TR","Turkey","GE","Georgia"
"TR","Turkey","GR","Greece"
"TR","Turkey","IR","Iran"
"TR","Turkey","IQ","Iraq"
"TR","Turkey","SY","Syria"
"TT","Trinidad and Tobago","",""
"TV","Tuvalu","",""
"TW","Taiwan","",""
"TZ","Tanzania","BI","Burundi"
"TZ","Tanzania","CD","Democratic Republic of the Congo"
"TZ","Tanzania","KE","Kenya"
"TZ","Tanzania","MW","Malawi"
"TZ","Tanzania","MZ","Mozambique"
"TZ","Tanzania","RW","Rwanda"
"TZ","Tanzania","UG","Uganda"
"TZ","Tanzania","ZM","Zambia"
"UA","Ukraine","BY","Belarus"
"UA","Ukraine","HU","Hungary"
"UA","Ukraine","MD","Moldova"
"UA","Ukraine","PL","Poland"
"UA","Ukraine","RO","Romania"
"UA","Ukraine","RU","Russia"
"UA","Ukraine","SK","Slovakia"
"UG","Uganda","CD","Democratic Republic of the Congo"
"UG","Uganda","KE","Kenya"
"UG","Uganda","RW","Rwanda"
"UG","Uganda","SS","South Sudan"
"UG","Uganda","TZ","Tanzania"
"UM","United States Minor Outlying Islands","",""
"US","United States of America","CA","Canada"
"US","United States of America","MX","Mexico"
"UY","Uruguay","AR","Argentina"
"UY","Uruguay","BR","Brazil"
"UZ","Uzbekistan","AF","Afghanistan"
"UZ","Uzbekistan","KZ","Kazakhstan"
"UZ","Uzbekistan","KG","Kyrgyzstan"
"UZ","Uzbekistan","TJ","Tajikistan"
"UZ","Uzbekistan","TM","Turkmenistan"
"VA","Holy See","IT","Italy"
"VC","Saint Vincent and the Grenadines","",""
"VE","Venezuela","BR","Brazil"
"VE","Venezuela","CO","Colombia"
"VE","Venezuela","GY","Guyana"
"VG","British Virgin Islands","",""
"VI","United States Virgin Islands","",""
"VN","Vietnam","KH","Cambodia"
"VN","Vietnam","CN","People's Republic of China"
"VN","Vietnam","LA","Laos"
"VU","Vanuatu","",""
"WF","Wallis and Futuna","",""
"WS","Samoa","",""
"XK","Kosovo","ME","Montenegro"
"XK","Kosovo","RS","Serbia"
"XK","Kosovo","AL","Albania"
"XK","Kosovo","MK","North Macedonia"
"YE","Yemen","OM","Oman"
"YE","Yemen","SA","Saudi Arabia"
"YT","Mayotte","",""
"ZA","South Africa","BW","Botswana"
"ZA","South Africa","LS","Lesotho"
"ZA","South Africa","MZ","Mozambique"
"ZA","South Africa","NA","Namibia"
"ZA","South Africa","SZ","Eswatini"
"ZA","South Africa","ZW","Zimbabwe"
"ZM","Zambia","AO","Angola"
"ZM","Zambia","BW","Botswana"
"ZM","Zambia","CD","Democratic Republic of the Congo"
"ZM","Zambia","MW","Malawi"
"ZM","Zambia","MZ","Mozambique"
"ZM","Zambia","NA","Namibia"
"ZM","Zambia","TZ","Tanzania"
"ZM","Zambia","ZW","Zimbabwe"
"ZW","Zimbabwe","BW","Botswana"
"ZW","Zimbabwe","MZ","Mozambique"
"ZW","Zimbabwe","ZA","South Africa"
"ZW","Zimbabwe","ZM","Zambia"
